"URL","name_with_owner","id","workflow_id","name","title","author","created_at","status","conclusion","updated_at","name_with_owner-2","login","url","type","admin","contributions","commits","core_qty","core_time","is_core"
"https://github.com/pingcap/docs/actions/runs/6941210032","pingcap/docs","6941210032","15148405","ci","Update ticdc changefeed filter case senssitive default value","Oreoxmt","2023-11-21 08:33:35","completed","success","2023-11-21 08:35:59","pingcap/docs","Oreoxmt","https://github.com/Oreoxmt","User","false",334,331,1,0,0
"https://github.com/postmanlabs/postman-docs/actions/runs/6879650049","postmanlabs/postman-docs","6879650049","43753","CI","[TW-1273] Rewrite onboarding checklist","MatthewPinsker-postman","2023-11-15 15:50:17","completed","success","2023-11-15 15:51:45","postmanlabs/postman-docs","MatthewPinsker-postman","https://github.com/MatthewPinsker-postman","User","false",1244,1191,1,0,0
"https://github.com/TurningWheel/Barony/actions/runs/6726061955","TurningWheel/Barony","6726061955","2081221","Linux-CI_fmod_steam_eos","fix crashes in EOS when platform handles are nullptr","SheridanR","2023-11-01 23:02:23","completed","failure","2023-11-01 23:07:49","TurningWheel/Barony","SheridanR","https://github.com/SheridanR","User","false",1033,1026,1,1,1
"https://github.com/TurningWheel/Barony/actions/runs/6726061954","TurningWheel/Barony","6726061954","1986009","Linux-CI_fmod_steam","fix crashes in EOS when platform handles are nullptr","SheridanR","2023-11-01 23:02:23","completed","success","2023-11-01 23:13:47","TurningWheel/Barony","SheridanR","https://github.com/SheridanR","User","false",1033,1026,1,1,1
"https://github.com/julianpoy/RecipeSage/actions/runs/3304000343","julianpoy/RecipeSage","3304000343","38179763","Deploy to api.recipesage.com","Deploy to api.recipesage.com","julianpoy","2022-10-22 16:58:18","completed","startup_failure","2022-10-22 16:58:18","julianpoy/RecipeSage","julianpoy","https://github.com/julianpoy","User","false",3545,2918,1,1,1
"https://github.com/bids-standard/bids-specification/actions/runs/3280867941","bids-standard/bids-specification","3280867941","35024620","validate CITATION.cff","[INFRA] use tributors to list contributors and CITATION.cff for referencing","Remi-Gau","2022-10-19 10:41:51","completed","success","2022-10-19 10:42:13","bids-standard/bids-specification","Remi-Gau","https://github.com/Remi-Gau","User","false",216,216,1,1,1
"https://github.com/SUI-Components/sui/actions/runs/6706462037","SUI-Components/sui","6706462037","3420878","CI","[FEAT] typescript support","kikoruiz","2023-10-31 12:27:10","completed","success","2023-10-31 12:31:33","SUI-Components/sui-components","kikoruiz","https://github.com/kikoruiz","User","false",209,209,1,0,0
"https://github.com/wwmm/easyeffects/actions/runs/6849062732","wwmm/easyeffects","6849062732","31353653","CI","Translations update from Hosted Weblate","weblate","2023-11-13 11:02:52","completed","success","2023-11-13 11:12:40","wwmm/easyeffects","weblate","https://github.com/weblate","User","false",136,136,1,1,1
"https://github.com/jupyterhub/zero-to-jupyterhub-k8s/actions/runs/6608964501","jupyterhub/zero-to-jupyterhub-k8s","6608964501","26212470","Watch dependencies","Watch dependencies","consideRatio","2023-10-23 05:08:47","completed","success","2023-10-23 05:09:25","jupyterhub/zero-to-jupyterhub-k8s","consideRatio","https://github.com/consideRatio","User","false",2549,2548,1,1,1
"https://github.com/SAP/ui5-webcomponents/actions/runs/6941147152","SAP/ui5-webcomponents","6941147152","26414708","CI","feat: cloned property to the slot decorator","MapTo0","2023-11-21 08:27:53","completed","success","2023-11-21 08:35:45","SAP/ui5-webcomponents","MapTo0","https://github.com/MapTo0","User","false",181,181,1,1,1
"https://github.com/SAP/ui5-webcomponents/actions/runs/6941147146","SAP/ui5-webcomponents","6941147146","67684250","CI - Storybook","feat: cloned property to the slot decorator","MapTo0","2023-11-21 08:27:53","completed","success","2023-11-21 08:32:06","SAP/ui5-webcomponents","MapTo0","https://github.com/MapTo0","User","false",181,181,1,1,1
"https://github.com/SUI-Components/sui-components/actions/runs/6393161390","SUI-Components/sui-components","6393161390","3648886","CI","üîç Feature/scmi 106973/right addon no borders","Alverd04","2023-10-03 12:46:17","completed","success","2023-10-03 12:54:09","SUI-Components/sui-components","Alverd04","https://github.com/Alverd04","User","false",145,145,1,0,0
"https://github.com/RetroAchievements/RAWeb/actions/runs/6914700464","RetroAchievements/RAWeb","6914700464","22675067",".github/workflows/ci.yml","fix(beaten-leaderboard): remediate manual pagination with console filter","wescopeland","2023-11-18 15:09:57","completed","success","2023-11-18 15:11:36","RetroAchievements/RAWeb","wescopeland","https://github.com/wescopeland","User","false",325,308,1,0,0
"https://github.com/containers/podman/actions/runs/6476798993","containers/podman","6476798993","39544499","rerun_cirrus_cron","rerun_cirrus_cron","openshift-merge-robot","2023-10-11 01:27:04","completed","success","2023-10-11 01:27:26","containers/podman","openshift-merge-robot","https://github.com/openshift-merge-robot","User","false",7639,7639,1,1,1
"https://github.com/containers/buildah/actions/runs/6476794048","containers/buildah","6476794048","40490112",".github/workflows/rerun_cirrus_cron.yml",".github/workflows/rerun_cirrus_cron.yml","openshift-merge-robot","2023-10-11 01:26:21","completed","success","2023-10-11 01:26:49","containers/podman","openshift-merge-robot","https://github.com/openshift-merge-robot","User","false",7639,7639,1,1,1
"https://github.com/WalletConnect/walletconnect-monorepo/actions/runs/5665666428","WalletConnect/walletconnect-monorepo","5665666428","29584053","ci_sign_client","Merge pull request #3265 from WalletConnect/fix/old-deeplinks","ganchoradkov","2023-07-26 07:00:28","completed","success","2023-07-26 07:04:38","WalletConnect/walletconnect-monorepo","ganchoradkov","https://github.com/ganchoradkov","User","false",851,845,1,1,1
"https://github.com/online-go/online-go.com/actions/runs/6789982076","online-go/online-go.com","6789982076","7940426","CI","Merge pull request #2407 from GreenAsJade/community_moderation_offer","anoek","2023-11-07 20:31:18","completed","success","2023-11-07 20:35:34","online-go/online-go.com","anoek","https://github.com/anoek","User","false",3230,3226,1,1,1
"https://github.com/suttacentral/suttacentral/actions/runs/6821637429","suttacentral/suttacentral","6821637429","6598591","SuttaCentral CI","Merge pull request #2842 from suttacentral/hongda-work","ihongda","2023-11-10 06:42:40","completed","success","2023-11-10 06:47:04","suttacentral/suttacentral","ihongda","https://github.com/ihongda","User","false",2190,2170,1,1,1
"https://github.com/kubernetes-sigs/cluster-api-provider-vsphere/actions/runs/5797570234","kubernetes-sigs/cluster-api-provider-vsphere","5797570234","33101178","golangci-lint","üêõ  clustermodules: prevent creation of new modules if DoesExist returns an error","chrischdi","2023-08-08 13:26:34","completed","success","2023-08-08 13:27:09","grafana/loki","chrischdi","https://github.com/chrischdi","User","false",1,1,0,0,0
"https://github.com/saulpw/visidata/actions/runs/6837856486","saulpw/visidata","6837856486","31354152","visidata-ci-build","[json] include null columns in first row, in more cases","midichef","2023-11-12 01:45:04","completed","success","2023-11-12 01:48:13","saulpw/visidata","midichef","https://github.com/midichef","User","false",64,62,0,0,0
"https://github.com/nextcloud/polls/actions/runs/6834641958","nextcloud/polls","6834641958","1536941","Node CI","Nextcloud 28 - Polls 6.0.0","dartcafe","2023-11-11 13:55:32","completed","success","2023-11-11 13:57:36","nextcloud/deck","dartcafe","https://github.com/dartcafe","User","false",1,1,0,0,0
"https://github.com/artalar/reatom/actions/runs/6789536738","artalar/reatom","6789536738","35122539","CI","docs: add copy button to code blocks (#701)","krulod","2023-11-07 19:45:16","completed","success","2023-11-07 19:48:10","artalar/reatom","krulod","https://github.com/krulod","User","false",14,13,0,0,0
"https://github.com/reframe-hpc/reframe/actions/runs/6725730141","reframe-hpc/reframe","6725730141","3645524","ReFrame CI","Merge branch 'develop' into dependabot/pip/docs/semver-3.0.2","vkarak","2023-11-01 22:18:10","completed","success","2023-11-01 22:24:25","reframe-hpc/reframe","vkarak","https://github.com/vkarak","User","false",1244,1244,1,1,1
"https://github.com/yuzu-emu/yuzu/actions/runs/6924034771","yuzu-emu/yuzu","6924034771","14233941","yuzu-ci","service: hid: Ensure resource manager is initialized","Squall-Leonhart","2023-11-20 00:44:24","completed","success","2023-11-20 00:44:45","yuzu-emu/yuzu","Squall-Leonhart","https://github.com/Squall-Leonhart","User","false",23,23,0,0,0
"https://github.com/Aircoookie/WLED/actions/runs/6895039117","Aircoookie/WLED","6895039117","4515757","PlatformIO CI","0.14.1-b1","blazoncek","2023-11-16 18:37:17","completed","success","2023-11-16 18:40:01","Aircoookie/WLED","blazoncek","https://github.com/blazoncek","User","false",1559,1559,1,1,1
"https://github.com/microsoft/azuredatastudio/actions/runs/6900626010","microsoft/azuredatastudio","6900626010","170","CI","Releasing extension pack 1.1.6 (#24987)","alanrenmsft","2023-11-17 06:21:55","completed","success","2023-11-17 06:22:20","microsoft/azuredatastudio","alanrenmsft","https://github.com/alanrenmsft","User","false",880,880,1,1,1
"https://github.com/eksctl-io/eksctl/actions/runs/6352632316","eksctl-io/eksctl","6352632316","20809974","Cache Dependencies","Merge pull request #7122 from Himangini/release-notes-for-161","Himangini","2023-09-29 13:58:25","completed","success","2023-09-29 13:58:54","eksctl-io/eksctl","Himangini","https://github.com/Himangini","User","false",484,480,1,1,1
"https://github.com/arendst/Tasmota/actions/runs/6843101001","arendst/Tasmota","6843101001","14580926","Tasmota CI","Fix Berry `gpio.dac_voltage()` broken in 13.2.0","s-hadinger","2023-11-12 21:04:40","completed","success","2023-11-12 21:13:58","arendst/Tasmota","s-hadinger","https://github.com/s-hadinger","User","false",2681,2679,1,1,1
"https://github.com/NVIDIA/NeMo/actions/runs/6934783085","NVIDIA/NeMo","6934783085","16146872","Blossom-CI","First draft of mcore bert model in NeMo","shanmugamr1992","2023-11-20 19:17:05","completed","skipped","2023-11-20 19:17:09","NVIDIA/NeMo","shanmugamr1992","https://github.com/shanmugamr1992","User","false",11,11,0,0,0
"https://github.com/mpusz/mp-units/actions/runs/5091632069","mpusz/mp-units","5091632069","14907813","CITATION.cff","build: conan `test_package` updated for V2","mpusz","2023-05-26 13:57:41","completed","success","2023-05-26 13:59:50","mpusz/mp-units","mpusz","https://github.com/mpusz","User","false",2352,2351,1,1,1
"https://github.com/SamR1/FitTrackee/actions/runs/6449075041","SamR1/FitTrackee","6449075041","22666265","Javascript CI","bump to version 0.7.25","SamR1","2023-10-08 17:37:31","completed","success","2023-10-08 17:40:09","SamR1/FitTrackee","SamR1","https://github.com/SamR1","User","false",2079,2079,1,1,1
"https://github.com/fredlcore/BSB-LAN/actions/runs/6449147038","fredlcore/BSB-LAN","6449147038","2932933","PlatformIO CI","Merge branch 'master' of https://github.com/fredlcore/BSB_LAN","fredlcore","2023-10-08 18:00:05","completed","success","2023-10-08 18:01:18","fredlcore/BSB-LAN","fredlcore","https://github.com/fredlcore","User","false",1401,1490,1,1,1
"https://github.com/fredlcore/BSB-LAN/actions/runs/6449147037","fredlcore/BSB-LAN","6449147037","14352054","PlatformIO CI ESP32","Merge branch 'master' of https://github.com/fredlcore/BSB_LAN","fredlcore","2023-10-08 18:00:05","completed","success","2023-10-08 18:02:09","fredlcore/BSB-LAN","fredlcore","https://github.com/fredlcore","User","false",1401,1490,1,1,1
"https://github.com/Hamlib/Hamlib/actions/runs/6813977316","Hamlib/Hamlib","6813977316","8033406","C/C++ CI","Merge pull request #1421 from mikaelnousiainen/hamlib-multicast-4","mdblack98","2023-11-09 15:33:16","completed","success","2023-11-09 15:40:46","Hamlib/Hamlib","mdblack98","https://github.com/mdblack98","User","false",5814,5758,1,1,1
"https://github.com/grafana/loki/actions/runs/5683438546","grafana/loki","5683438546","53442635","syft-sbom-ci","syft-sbom-ci","periklis","2023-07-27 17:07:39","completed","success","2023-07-27 17:08:05","grafana/loki","periklis","https://github.com/periklis","User","false",201,200,1,1,1
"https://github.com/kubernetes/kops/actions/runs/5087728127","kubernetes/kops","5087728127","28526245","Update Dependencies","Update Dependencies","k8s-ci-robot","2023-05-26 06:02:41","completed","success","2023-05-26 06:08:43","kubernetes/kops","k8s-ci-robot","https://github.com/k8s-ci-robot","User","false",6009,6006,1,1,1
"https://github.com/weseek/growi/actions/runs/6833404308","weseek/growi","6833404308","7652378","Node CI for slackbot-proxy","Merge branch 'feat/approval-workflow' into feat/134387-disable-deleti‚Ä¶","miya","2023-11-11 09:24:26","completed","success","2023-11-11 09:26:31","weseek/growi","miya","https://github.com/miya","User","false",3461,3461,1,1,1
"https://github.com/streetsidesoftware/cspell/actions/runs/6704750050","streetsidesoftware/cspell","6704750050","3733308"," üîó Update Dependencies","ci: Workflow Bot -- Update ALL Dependencies (main) (#4940)","Jason3S","2023-10-31 09:47:23","completed","success","2023-10-31 09:49:06","streetsidesoftware/cspell","Jason3S","https://github.com/Jason3S","User","false",2383,2377,1,1,1
"https://github.com/lf-lang/lingua-franca/actions/runs/5075192598","lf-lang/lingua-franca","5075192598","58197726","Additional non-target-specific tests","Reduced testing","petervdonovan","2023-05-25 01:47:19","completed","success","2023-05-25 02:17:26","lf-lang/lingua-franca","petervdonovan","https://github.com/petervdonovan","User","false",1450,1450,1,1,1
"https://github.com/lf-lang/lingua-franca/actions/runs/5075192590","lf-lang/lingua-franca","5075192590","58197727","Non-target-specific tests","Reduced testing","petervdonovan","2023-05-25 01:47:19","completed","cancelled","2023-05-25 01:48:16","lf-lang/lingua-franca","petervdonovan","https://github.com/petervdonovan","User","false",1450,1450,1,1,1
"https://github.com/Dallinger/Dallinger/actions/runs/6943280505","Dallinger/Dallinger","6943280505","5674063","ci","Update ipykernel from 6.26.0 to 6.27.0","suchow","2023-11-21 11:42:03","completed","success","2023-11-21 11:50:29","Dallinger/Dallinger","suchow","https://github.com/suchow","User","false",1345,532,1,0,0
"https://github.com/texstudio-org/texstudio/actions/runs/6789058128","texstudio-org/texstudio","6789058128","2280828","CI","fix #3332","sunderme","2023-11-07 18:57:15","completed","success","2023-11-07 19:00:09","texstudio-org/texstudio","sunderme","https://github.com/sunderme","User","false",6011,3307,1,1,1
"https://github.com/lvgl/lvgl/actions/runs/6929637560","lvgl/lvgl","6929637560","1064006","C/C++ CI","chore: fix minor issues","kisvegabor","2023-11-20 11:47:31","completed","failure","2023-11-20 11:54:14","lvgl/lvgl","kisvegabor","https://github.com/kisvegabor","User","false",5897,5865,1,1,1
"https://github.com/lvgl/lvgl/actions/runs/6929637555","lvgl/lvgl","6929637555","2446254","Micropython CI","chore: fix minor issues","kisvegabor","2023-11-20 11:47:31","completed","success","2023-11-20 11:52:40","lvgl/lvgl","kisvegabor","https://github.com/kisvegabor","User","false",5897,5865,1,1,1
"https://github.com/apache/dubbo-go/actions/runs/6911759817","apache/dubbo-go","6911759817","2552611","CI","Fix service discovery subscription (#2480)","chickenlj","2023-11-18 04:17:27","completed","failure","2023-11-18 04:19:30","apache/dubbo-go","chickenlj","https://github.com/chickenlj","User","false",38,16,0,0,0
"https://github.com/apache/dubbo-go/actions/runs/6911759813","apache/dubbo-go","6911759813","21044206","golangci-lint","Fix service discovery subscription (#2480)","chickenlj","2023-11-18 04:17:27","completed","success","2023-11-18 04:20:05","apache/dubbo-go","chickenlj","https://github.com/chickenlj","User","false",38,16,0,0,0
"https://github.com/mullvad/mullvadvpn-app/actions/runs/5679103908","mullvad/mullvadvpn-app","5679103908","9133463","Translations converter tool CI","Modularize tile service and its dependencies","albin-mullvad","2023-07-27 09:54:05","completed","success","2023-07-27 09:54:47","mullvad/mullvadvpn-app","albin-mullvad","https://github.com/albin-mullvad","User","false",1052,1029,1,1,1
"https://github.com/archesproject/arches/actions/runs/6896598344","archesproject/arches","6896598344","5432250","CI","10252 - Check if function is new in save logic","chrabyrd","2023-11-16 21:17:00","completed","success","2023-11-16 21:26:06","archesproject/arches","chrabyrd","https://github.com/chrabyrd","User","false",1871,1871,1,1,1
"https://github.com/navikt/aksel/actions/runs/6904809702","navikt/aksel","6904809702","38618466","CI","[Aksel.nav.no] Fjernet Scrollbar gutters p√• eksempler","KenAJoh","2023-11-17 13:48:12","completed","success","2023-11-17 13:53:30","navikt/aksel","KenAJoh","https://github.com/KenAJoh","User","false",1952,1942,1,1,1
"https://github.com/netbox-community/netbox/actions/runs/6908540509","netbox-community/netbox","6908540509","214044","CI","Closes #8356: Add virtual disk to Virtual Machines (#14087)","jeremystretch","2023-11-17 20:03:00","completed","success","2023-11-17 20:11:22","netbox-community/netbox","jeremystretch","https://github.com/jeremystretch","User","false",9296,9296,1,1,1
"https://github.com/weaviate/weaviate/actions/runs/6000600845","weaviate/weaviate","6000600845","2908519","golangci-lint","Proxy buckets","donomii","2023-08-28 13:38:20","completed","success","2023-08-28 13:39:43","weaviate/weaviate","donomii","https://github.com/donomii","User","false",233,233,1,0,0
"https://github.com/pmmp/PocketMine-MP/actions/runs/6889022084","pmmp/PocketMine-MP","6889022084","4177875","CI","Merge remote-tracking branch 'origin/minor-next' into compressor-threads","dktapps","2023-11-16 09:50:44","completed","success","2023-11-16 09:52:28","pmmp/PocketMine-MP","dktapps","https://github.com/dktapps","User","false",11767,11733,1,1,1
"https://github.com/ceph/ceph-csi/actions/runs/6900844509","ceph/ceph-csi","6900844509","15993996","golangci-lint","cephfs: enable read affinity","iPraveenParihar","2023-11-17 06:53:59","completed","success","2023-11-17 06:59:18","ceph/ceph-csi","iPraveenParihar","https://github.com/iPraveenParihar","User","false",19,15,0,0,0
"https://github.com/learningequality/kolibri/actions/runs/6897202680","learningequality/kolibri","6897202680","3384998","Static dependencies with and without C extensions","Merge pull request #11535 from nucleogenesis/fix--topic-header-tests","rtibbles","2023-11-16 22:23:17","completed","success","2023-11-16 22:23:35","learningequality/kolibri","rtibbles","https://github.com/rtibbles","User","false",7047,7040,1,1,1
"https://github.com/TanStack/query/actions/runs/6762031589","TanStack/query","6762031589","29882997","ci","docs: Update devtools.md (#5950)","TkDodo","2023-11-05 14:55:04","completed","success","2023-11-05 14:57:55","TanStack/query","TkDodo","https://github.com/TkDodo","User","false",230,229,1,1,1
"https://github.com/arendst/Tasmota/actions/runs/6843101001","arendst/Tasmota","6843101001","14580926","Tasmota CI","Fix Berry `gpio.dac_voltage()` broken in 13.2.0","s-hadinger","2023-11-12 21:04:40","completed","success","2023-11-12 21:13:58","lvgl/lvgl","s-hadinger","https://github.com/s-hadinger","User","false",3,3,0,0,0
"https://github.com/doccano/doccano/actions/runs/5641510772","doccano/doccano","5641510772","4344161","doccano CI","Add endpoints for assignment","Hironsan","2023-07-24 06:20:35","completed","success","2023-07-24 06:22:11","doccano/doccano","Hironsan","https://github.com/Hironsan","User","false",2804,2804,1,1,1
"https://github.com/Smithay/smithay/actions/runs/6833931870","Smithay/smithay","6833931870","1005450","Continuous Integration","Fix return type of `with_pressed_keysyms`","Drakulix","2023-11-11 11:27:11","completed","success","2023-11-11 11:36:22","Smithay/smithay","Drakulix","https://github.com/Drakulix","User","false",1647,1647,1,1,1
"https://github.com/scrtlabs/SecretNetwork/actions/runs/6534151417","scrtlabs/SecretNetwork","6534151417","39925779","golangci-lint","Merge pull request #1565 from scrtlabs/test-v1.12-upgrade-handler-v3","assafmo","2023-10-16 13:15:33","completed","success","2023-10-16 13:19:18","scrtlabs/SecretNetwork","assafmo","https://github.com/assafmo","User","false",2868,2861,1,1,1
"https://github.com/pokeclicker/pokeclicker/actions/runs/6855423136","pokeclicker/pokeclicker","6855423136","5052746","Node.js CI","Opening XD content in Orre","Qwertypop04","2023-11-13 20:34:14","completed","success","2023-11-13 20:35:40","pokeclicker/pokeclicker","Qwertypop04","https://github.com/Qwertypop04","User","false",142,140,1,0,0
"https://github.com/kubernetes/kops/actions/runs/5087728127","kubernetes/kops","5087728127","28526245","Update Dependencies","Update Dependencies","k8s-ci-robot","2023-05-26 06:02:41","completed","success","2023-05-26 06:08:43","kubernetes-sigs/cluster-api-provider-vsphere","k8s-ci-robot","https://github.com/k8s-ci-robot","User","false",956,947,1,1,1
"https://github.com/kubernetes-sigs/cluster-api-provider-vsphere/actions/runs/5797570234","kubernetes-sigs/cluster-api-provider-vsphere","5797570234","33101178","golangci-lint","üêõ  clustermodules: prevent creation of new modules if DoesExist returns an error","chrischdi","2023-08-08 13:26:34","completed","success","2023-08-08 13:27:09","kubernetes-sigs/cluster-api-provider-vsphere","chrischdi","https://github.com/chrischdi","User","false",58,58,1,0,0
"https://github.com/DraftBot-A-Discord-Adventure/DraftBot/actions/runs/3781142882","DraftBot-A-Discord-Adventure/DraftBot","3781142882","36643054","Docker Image Master CI","Version bump","BastLast","2022-12-26 12:09:31","completed","success","2022-12-26 12:11:11","DraftBot-A-Discord-Adventure/DraftBot","BastLast","https://github.com/BastLast","User","false",1859,1859,1,1,1
"https://github.com/SUI-Components/sui/actions/runs/6706462037","SUI-Components/sui","6706462037","3420878","CI","[FEAT] typescript support","kikoruiz","2023-10-31 12:27:10","completed","success","2023-10-31 12:31:33","SUI-Components/sui","kikoruiz","https://github.com/kikoruiz","User","false",289,289,1,1,1
"https://github.com/cubefs/cubefs/actions/runs/4538402533","cubefs/cubefs","4538402533","49700703","CI-Release","docs(docs-zh): fix leader stats path of scheduler","pengtianyue025","2023-03-28 01:53:22","completed","success","2023-03-28 01:53:40","cubefs/cubefs","pengtianyue025","https://github.com/pengtianyue025","User","false",90,90,1,0,0
"https://github.com/irislib/iris-messenger/actions/runs/6106086045","irislib/iris-messenger","6106086045","28144970","CI","fix tests","mmalmi","2023-09-07 06:11:40","completed","success","2023-09-07 06:12:40","irislib/iris-messenger","mmalmi","https://github.com/mmalmi","User","false",3472,3472,1,1,1
"https://github.com/thesofproject/sof/actions/runs/6910420447","thesofproject/sof","6910420447","13689990","Reproducible builds","Preparation for zephyr/cmake/math transfer","marc-hb","2023-11-18 00:14:33","completed","success","2023-11-18 00:15:50","thesofproject/sof","marc-hb","https://github.com/marc-hb","User","false",715,715,1,1,1
"https://github.com/fyne-io/fyne/actions/runs/6914965434","fyne-io/fyne","6914965434","19803852","Check license of dependencies","Cleanup GLFW init to avoid needing a sync.Once","Jacalz","2023-11-18 16:10:02","completed","success","2023-11-18 16:10:37","fyne-io/fyne","Jacalz","https://github.com/Jacalz","User","false",727,727,1,1,1
"https://github.com/GIScience/openrouteservice/actions/runs/6849595615","GIScience/openrouteservice","6849595615","3500405","Java CI with Maven","Release 7.1.1 (#1604)","takb","2023-11-13 11:55:54","completed","success","2023-11-13 12:03:17","GIScience/openrouteservice","takb","https://github.com/takb","User","false",1066,1063,1,1,1
"https://github.com/PhantomBot/PhantomBot/actions/runs/6680090317","PhantomBot/PhantomBot","6680090317","1652963","Java CI","Patch 718","gmt2001","2023-10-29 00:28:08","completed","success","2023-10-29 00:30:52","PhantomBot/PhantomBot","gmt2001","https://github.com/gmt2001","User","false",4450,4308,1,1,1
"https://github.com/EDCD/EDDI/actions/runs/5774187509","EDCD/EDDI","5774187509","6938608","Continuous Integration","Continuous Integration","Tkael","2023-08-06 02:32:32","completed","success","2023-08-06 02:39:40","EDCD/EDDI","Tkael","https://github.com/Tkael","User","false",4179,4179,1,1,1
"https://github.com/nextcloud/polls/actions/runs/6834641958","nextcloud/polls","6834641958","1536941","Node CI","Nextcloud 28 - Polls 6.0.0","dartcafe","2023-11-11 13:55:32","completed","success","2023-11-11 13:57:36","nextcloud/polls","dartcafe","https://github.com/dartcafe","User","false",3966,3966,1,1,1
"https://github.com/epam/ketcher/actions/runs/6899215620","epam/ketcher","6899215620","15078268","CI","Macro: #3495 - Is not possible to add RNA presets into the Favourite library","StarlaStarla","2023-11-17 02:41:46","completed","success","2023-11-17 02:48:31","epam/ketcher","StarlaStarla","https://github.com/StarlaStarla","User","false",29,29,1,0,0
"https://github.com/rotki/rotki/actions/runs/6934531676","rotki/rotki","6934531676","973312","Rotki CI","Merge pull request #6952 from LefterisJP/adjust_icons_event_categories","yabirgb","2023-11-20 18:51:43","completed","success","2023-11-20 18:58:06","rotki/rotki","yabirgb","https://github.com/yabirgb","User","false",1123,1122,1,1,1
"https://github.com/magma/magma/actions/runs/6767302831","magma/magma","6767302831","10268360","Magma Check Helm Dependencies","fix(mme): Handling missing support for MME_UE_S1AP_ID and  eNB_UE_S1AP_ID in E-RAB Modification Indication","panyogesh","2023-11-06 06:52:53","completed","success","2023-11-06 06:53:23","magma/magma","panyogesh","https://github.com/panyogesh","User","false",22,22,0,1,0
"https://github.com/awsdocs/aws-doc-sdk-examples/actions/runs/6304264043","awsdocs/aws-doc-sdk-examples","6304264043","24492462","golangci-lint","Reformatting and sorting all Python files with isort and black","ford-at-aws","2023-09-25 20:01:39","completed","success","2023-09-25 20:03:37","awsdocs/aws-doc-sdk-examples","ford-at-aws","https://github.com/ford-at-aws","User","false",281,280,1,0,0
"https://github.com/primer/react/actions/runs/6935719449","primer/react","6935719449","5018334","CI","Adds inactive state to ActionList items","mperrotti","2023-11-20 20:58:52","completed","success","2023-11-20 21:06:42","primer/react","mperrotti","https://github.com/mperrotti","User","true",88,87,1,1,1
"https://github.com/aws/aws-sdk-js-v3/actions/runs/6895313950","aws/aws-sdk-js-v3","6895313950","3604237","codegen-ci","docs: remove API docs developer preview announcement in readme","kuhe","2023-11-16 19:04:57","completed","success","2023-11-16 19:11:47","aws/aws-sdk-js-v3","kuhe","https://github.com/kuhe","User","false",252,249,1,1,1
"https://github.com/KhronosGroup/glTF-Blender-IO/actions/runs/6919728655","KhronosGroup/glTF-Blender-IO","6919728655","3942074","CI","Primitive shared accessor","julienduroure","2023-11-19 09:50:25","completed","success","2023-11-19 09:54:03","KhronosGroup/glTF-Blender-IO","julienduroure","https://github.com/julienduroure","User","false",3018,3016,1,1,1
"https://github.com/umijs/umi/actions/runs/6779732908","umijs/umi","6779732908","10971","CI","feature(SSR): ÊîØÊåÅÈÄöËøáÂØºÂá∫metadataLoader()ËÆæÁΩÆÈ°µÈù¢ÁöÑTDKÁ≠âmeta‰ø°ÊÅØ","fz6m","2023-11-07 03:45:26","completed","success","2023-11-07 03:55:04","umijs/umi","fz6m","https://github.com/fz6m","User","false",220,220,1,1,1
"https://github.com/containers/podman/actions/runs/6476798993","containers/podman","6476798993","39544499","rerun_cirrus_cron","rerun_cirrus_cron","openshift-merge-robot","2023-10-11 01:27:04","completed","success","2023-10-11 01:27:26","containers/buildah","openshift-merge-robot","https://github.com/openshift-merge-robot","User","false",859,859,1,1,1
"https://github.com/containers/buildah/actions/runs/6476794048","containers/buildah","6476794048","40490112",".github/workflows/rerun_cirrus_cron.yml",".github/workflows/rerun_cirrus_cron.yml","openshift-merge-robot","2023-10-11 01:26:21","completed","success","2023-10-11 01:26:49","containers/buildah","openshift-merge-robot","https://github.com/openshift-merge-robot","User","false",859,859,1,1,1
"https://github.com/xamarin/xamarin-macios/actions/runs/6940346011","xamarin/xamarin-macios","6940346011","20900064","CI for pwsh","[CoreText] Fix a few nullability issues in CTFontDescriptor. (#19439)","rolfbjarne","2023-11-21 06:59:17","completed","success","2023-11-21 06:59:52","xamarin/xamarin-macios","rolfbjarne","https://github.com/rolfbjarne","User","false",7920,7897,1,1,1
"https://github.com/MetaMask/metamask-mobile/actions/runs/5889315936","MetaMask/metamask-mobile","5889315936","55033333","ci / check all branches","fix: Approval flow fail to redirect ledger transaction model","stanleyyconsensys","2023-08-17 09:43:36","completed","skipped","2023-08-17 09:43:38","MetaMask/metamask-mobile","stanleyyconsensys","https://github.com/stanleyyconsensys","User","false",4,4,0,0,0
"https://github.com/vueuse/vueuse/actions/runs/6862044884","vueuse/vueuse","6862044884","23449604","CI","feat(useFileDialog): trigger onChange when reset","Doctor-wu","2023-11-14 10:04:39","completed","success","2023-11-14 10:14:25","vueuse/vueuse","Doctor-wu","https://github.com/Doctor-wu","User","false",6,6,1,0,0
